block,ore_name,rock_level,level,low,high,value,probability
rune_essence_table,rune stones,1,1,256,256,257,1.000000
rune_essence_table,rune stones,1,2,256,256,256,1.000000
rune_essence_table,rune stones,1,3,256,256,256,1.000000
rune_essence_table,rune stones,1,4,256,256,256,1.000000
rune_essence_table,rune stones,1,5,256,256,256,1.000000
rune_essence_table,rune stones,1,6,256,256,256,1.000000
rune_essence_table,rune stones,1,7,256,256,256,1.000000
rune_essence_table,rune stones,1,8,256,256,256,1.000000
rune_essence_table,rune stones,1,9,256,256,256,1.000000
rune_essence_table,rune stones,1,10,256,256,256,1.000000
rune_essence_table,rune stones,1,11,256,256,256,1.000000
rune_essence_table,rune stones,1,12,256,256,256,1.000000
rune_essence_table,rune stones,1,13,256,256,256,1.000000
rune_essence_table,rune stones,1,14,256,256,256,1.000000
rune_essence_table,rune stones,1,15,256,256,256,1.000000
rune_essence_table,rune stones,1,16,256,256,256,1.000000
rune_essence_table,rune stones,1,17,256,256,256,1.000000
rune_essence_table,rune stones,1,18,256,256,256,1.000000
rune_essence_table,rune stones,1,19,256,256,256,1.000000
rune_essence_table,rune stones,1,20,256,256,256,1.000000
rune_essence_table,rune stones,1,21,256,256,256,1.000000
rune_essence_table,rune stones,1,22,256,256,256,1.000000
rune_essence_table,rune stones,1,23,256,256,256,1.000000
rune_essence_table,rune stones,1,24,256,256,256,1.000000
rune_essence_table,rune stones,1,25,256,256,256,1.000000
rune_essence_table,rune stones,1,26,256,256,256,1.000000
rune_essence_table,rune stones,1,27,256,256,256,1.000000
rune_essence_table,rune stones,1,28,256,256,256,1.000000
rune_essence_table,rune stones,1,29,256,256,256,1.000000
rune_essence_table,rune stones,1,30,256,256,256,1.000000
rune_essence_table,rune stones,1,31,256,256,256,1.000000
rune_essence_table,rune stones,1,32,256,256,256,1.000000
rune_essence_table,rune stones,1,33,256,256,256,1.000000
rune_essence_table,rune stones,1,34,256,256,256,1.000000
rune_essence_table,rune stones,1,35,256,256,256,1.000000
rune_essence_table,rune stones,1,36,256,256,256,1.000000
rune_essence_table,rune stones,1,37,256,256,256,1.000000
rune_essence_table,rune stones,1,38,256,256,256,1.000000
rune_essence_table,rune stones,1,39,256,256,256,1.000000
rune_essence_table,rune stones,1,40,256,256,256,1.000000
rune_essence_table,rune stones,1,41,256,256,256,1.000000
rune_essence_table,rune stones,1,42,256,256,256,1.000000
rune_essence_table,rune stones,1,43,256,256,256,1.000000
rune_essence_table,rune stones,1,44,256,256,256,1.000000
rune_essence_table,rune stones,1,45,256,256,256,1.000000
rune_essence_table,rune stones,1,46,256,256,256,1.000000
rune_essence_table,rune stones,1,47,256,256,256,1.000000
rune_essence_table,rune stones,1,48,256,256,256,1.000000
rune_essence_table,rune stones,1,49,256,256,256,1.000000
rune_essence_table,rune stones,1,50,256,256,257,1.000000
rune_essence_table,rune stones,1,51,256,256,256,1.000000
rune_essence_table,rune stones,1,52,256,256,256,1.000000
rune_essence_table,rune stones,1,53,256,256,256,1.000000
rune_essence_table,rune stones,1,54,256,256,256,1.000000
rune_essence_table,rune stones,1,55,256,256,256,1.000000
rune_essence_table,rune stones,1,56,256,256,256,1.000000
rune_essence_table,rune stones,1,57,256,256,256,1.000000
rune_essence_table,rune stones,1,58,256,256,256,1.000000
rune_essence_table,rune stones,1,59,256,256,256,1.000000
rune_essence_table,rune stones,1,60,256,256,256,1.000000
rune_essence_table,rune stones,1,61,256,256,256,1.000000
rune_essence_table,rune stones,1,62,256,256,256,1.000000
rune_essence_table,rune stones,1,63,256,256,256,1.000000
rune_essence_table,rune stones,1,64,256,256,256,1.000000
rune_essence_table,rune stones,1,65,256,256,256,1.000000
rune_essence_table,rune stones,1,66,256,256,256,1.000000
rune_essence_table,rune stones,1,67,256,256,256,1.000000
rune_essence_table,rune stones,1,68,256,256,256,1.000000
rune_essence_table,rune stones,1,69,256,256,256,1.000000
rune_essence_table,rune stones,1,70,256,256,256,1.000000
rune_essence_table,rune stones,1,71,256,256,256,1.000000
rune_essence_table,rune stones,1,72,256,256,256,1.000000
rune_essence_table,rune stones,1,73,256,256,256,1.000000
rune_essence_table,rune stones,1,74,256,256,256,1.000000
rune_essence_table,rune stones,1,75,256,256,256,1.000000
rune_essence_table,rune stones,1,76,256,256,256,1.000000
rune_essence_table,rune stones,1,77,256,256,256,1.000000
rune_essence_table,rune stones,1,78,256,256,256,1.000000
rune_essence_table,rune stones,1,79,256,256,256,1.000000
rune_essence_table,rune stones,1,80,256,256,256,1.000000
rune_essence_table,rune stones,1,81,256,256,256,1.000000
rune_essence_table,rune stones,1,82,256,256,256,1.000000
rune_essence_table,rune stones,1,83,256,256,256,1.000000
rune_essence_table,rune stones,1,84,256,256,256,1.000000
rune_essence_table,rune stones,1,85,256,256,256,1.000000
rune_essence_table,rune stones,1,86,256,256,256,1.000000
rune_essence_table,rune stones,1,87,256,256,256,1.000000
rune_essence_table,rune stones,1,88,256,256,256,1.000000
rune_essence_table,rune stones,1,89,256,256,256,1.000000
rune_essence_table,rune stones,1,90,256,256,256,1.000000
rune_essence_table,rune stones,1,91,256,256,256,1.000000
rune_essence_table,rune stones,1,92,256,256,256,1.000000
rune_essence_table,rune stones,1,93,256,256,256,1.000000
rune_essence_table,rune stones,1,94,256,256,256,1.000000
rune_essence_table,rune stones,1,95,256,256,256,1.000000
rune_essence_table,rune stones,1,96,256,256,256,1.000000
rune_essence_table,rune stones,1,97,256,256,256,1.000000
rune_essence_table,rune stones,1,98,256,256,256,1.000000
rune_essence_table,rune stones,1,99,256,256,257,1.000000
clay_rock_table,clay,1,1,128,400,129,0.503906
clay_rock_table,clay,1,2,128,400,131,0.511719
clay_rock_table,clay,1,3,128,400,134,0.523438
clay_rock_table,clay,1,4,128,400,137,0.535156
clay_rock_table,clay,1,5,128,400,139,0.542969
clay_rock_table,clay,1,6,128,400,142,0.554688
clay_rock_table,clay,1,7,128,400,145,0.566406
clay_rock_table,clay,1,8,128,400,147,0.574219
clay_rock_table,clay,1,9,128,400,150,0.585938
clay_rock_table,clay,1,10,128,400,153,0.597656
clay_rock_table,clay,1,11,128,400,155,0.605469
clay_rock_table,clay,1,12,128,400,158,0.617188
clay_rock_table,clay,1,13,128,400,161,0.628906
clay_rock_table,clay,1,14,128,400,165,0.644531
clay_rock_table,clay,1,15,128,400,167,0.652344
clay_rock_table,clay,1,16,128,400,170,0.664063
clay_rock_table,clay,1,17,128,400,173,0.675781
clay_rock_table,clay,1,18,128,400,175,0.683594
clay_rock_table,clay,1,19,128,400,178,0.695313
clay_rock_table,clay,1,20,128,400,181,0.707031
clay_rock_table,clay,1,21,128,400,183,0.714844
clay_rock_table,clay,1,22,128,400,186,0.726563
clay_rock_table,clay,1,23,128,400,189,0.738281
clay_rock_table,clay,1,24,128,400,191,0.746094
clay_rock_table,clay,1,25,128,400,194,0.757813
clay_rock_table,clay,1,26,128,400,198,0.773438
clay_rock_table,clay,1,27,128,400,201,0.785156
clay_rock_table,clay,1,28,128,400,203,0.792969
clay_rock_table,clay,1,29,128,400,206,0.804688
clay_rock_table,clay,1,30,128,400,209,0.816406
clay_rock_table,clay,1,31,128,400,211,0.824219
clay_rock_table,clay,1,32,128,400,214,0.835938
clay_rock_table,clay,1,33,128,400,217,0.847656
clay_rock_table,clay,1,34,128,400,219,0.855469
clay_rock_table,clay,1,35,128,400,222,0.867188
clay_rock_table,clay,1,36,128,400,225,0.878906
clay_rock_table,clay,1,37,128,400,227,0.886719
clay_rock_table,clay,1,38,128,400,231,0.902344
clay_rock_table,clay,1,39,128,400,234,0.914063
clay_rock_table,clay,1,40,128,400,237,0.925781
clay_rock_table,clay,1,41,128,400,239,0.933594
clay_rock_table,clay,1,42,128,400,242,0.945313
clay_rock_table,clay,1,43,128,400,245,0.957031
clay_rock_table,clay,1,44,128,400,247,0.964844
clay_rock_table,clay,1,45,128,400,250,0.976563
clay_rock_table,clay,1,46,128,400,253,0.988281
clay_rock_table,clay,1,47,128,400,255,0.996094
clay_rock_table,clay,1,48,128,400,258,1.000000
clay_rock_table,clay,1,49,128,400,261,1.000000
clay_rock_table,clay,1,50,128,400,265,1.000000
clay_rock_table,clay,1,51,128,400,267,1.000000
clay_rock_table,clay,1,52,128,400,270,1.000000
clay_rock_table,clay,1,53,128,400,273,1.000000
clay_rock_table,clay,1,54,128,400,275,1.000000
clay_rock_table,clay,1,55,128,400,278,1.000000
clay_rock_table,clay,1,56,128,400,281,1.000000
clay_rock_table,clay,1,57,128,400,283,1.000000
clay_rock_table,clay,1,58,128,400,286,1.000000
clay_rock_table,clay,1,59,128,400,289,1.000000
clay_rock_table,clay,1,60,128,400,291,1.000000
clay_rock_table,clay,1,61,128,400,294,1.000000
clay_rock_table,clay,1,62,128,400,297,1.000000
clay_rock_table,clay,1,63,128,400,301,1.000000
clay_rock_table,clay,1,64,128,400,303,1.000000
clay_rock_table,clay,1,65,128,400,306,1.000000
clay_rock_table,clay,1,66,128,400,309,1.000000
clay_rock_table,clay,1,67,128,400,311,1.000000
clay_rock_table,clay,1,68,128,400,314,1.000000
clay_rock_table,clay,1,69,128,400,317,1.000000
clay_rock_table,clay,1,70,128,400,319,1.000000
clay_rock_table,clay,1,71,128,400,322,1.000000
clay_rock_table,clay,1,72,128,400,325,1.000000
clay_rock_table,clay,1,73,128,400,327,1.000000
clay_rock_table,clay,1,74,128,400,330,1.000000
clay_rock_table,clay,1,75,128,400,334,1.000000
clay_rock_table,clay,1,76,128,400,337,1.000000
clay_rock_table,clay,1,77,128,400,339,1.000000
clay_rock_table,clay,1,78,128,400,342,1.000000
clay_rock_table,clay,1,79,128,400,345,1.000000
clay_rock_table,clay,1,80,128,400,347,1.000000
clay_rock_table,clay,1,81,128,400,350,1.000000
clay_rock_table,clay,1,82,128,400,353,1.000000
clay_rock_table,clay,1,83,128,400,355,1.000000
clay_rock_table,clay,1,84,128,400,358,1.000000
clay_rock_table,clay,1,85,128,400,361,1.000000
clay_rock_table,clay,1,86,128,400,363,1.000000
clay_rock_table,clay,1,87,128,400,367,1.000000
clay_rock_table,clay,1,88,128,400,370,1.000000
clay_rock_table,clay,1,89,128,400,373,1.000000
clay_rock_table,clay,1,90,128,400,375,1.000000
clay_rock_table,clay,1,91,128,400,378,1.000000
clay_rock_table,clay,1,92,128,400,381,1.000000
clay_rock_table,clay,1,93,128,400,383,1.000000
clay_rock_table,clay,1,94,128,400,386,1.000000
clay_rock_table,clay,1,95,128,400,389,1.000000
clay_rock_table,clay,1,96,128,400,391,1.000000
clay_rock_table,clay,1,97,128,400,394,1.000000
clay_rock_table,clay,1,98,128,400,397,1.000000
clay_rock_table,clay,1,99,128,400,401,1.000000
copper_rock_table,copper,1,1,128,400,129,0.503906
copper_rock_table,copper,1,2,128,400,131,0.511719
copper_rock_table,copper,1,3,128,400,134,0.523438
copper_rock_table,copper,1,4,128,400,137,0.535156
copper_rock_table,copper,1,5,128,400,139,0.542969
copper_rock_table,copper,1,6,128,400,142,0.554688
copper_rock_table,copper,1,7,128,400,145,0.566406
copper_rock_table,copper,1,8,128,400,147,0.574219
copper_rock_table,copper,1,9,128,400,150,0.585938
copper_rock_table,copper,1,10,128,400,153,0.597656
copper_rock_table,copper,1,11,128,400,155,0.605469
copper_rock_table,copper,1,12,128,400,158,0.617188
copper_rock_table,copper,1,13,128,400,161,0.628906
copper_rock_table,copper,1,14,128,400,165,0.644531
copper_rock_table,copper,1,15,128,400,167,0.652344
copper_rock_table,copper,1,16,128,400,170,0.664063
copper_rock_table,copper,1,17,128,400,173,0.675781
copper_rock_table,copper,1,18,128,400,175,0.683594
copper_rock_table,copper,1,19,128,400,178,0.695313
copper_rock_table,copper,1,20,128,400,181,0.707031
copper_rock_table,copper,1,21,128,400,183,0.714844
copper_rock_table,copper,1,22,128,400,186,0.726563
copper_rock_table,copper,1,23,128,400,189,0.738281
copper_rock_table,copper,1,24,128,400,191,0.746094
copper_rock_table,copper,1,25,128,400,194,0.757813
copper_rock_table,copper,1,26,128,400,198,0.773438
copper_rock_table,copper,1,27,128,400,201,0.785156
copper_rock_table,copper,1,28,128,400,203,0.792969
copper_rock_table,copper,1,29,128,400,206,0.804688
copper_rock_table,copper,1,30,128,400,209,0.816406
copper_rock_table,copper,1,31,128,400,211,0.824219
copper_rock_table,copper,1,32,128,400,214,0.835938
copper_rock_table,copper,1,33,128,400,217,0.847656
copper_rock_table,copper,1,34,128,400,219,0.855469
copper_rock_table,copper,1,35,128,400,222,0.867188
copper_rock_table,copper,1,36,128,400,225,0.878906
copper_rock_table,copper,1,37,128,400,227,0.886719
copper_rock_table,copper,1,38,128,400,231,0.902344
copper_rock_table,copper,1,39,128,400,234,0.914063
copper_rock_table,copper,1,40,128,400,237,0.925781
copper_rock_table,copper,1,41,128,400,239,0.933594
copper_rock_table,copper,1,42,128,400,242,0.945313
copper_rock_table,copper,1,43,128,400,245,0.957031
copper_rock_table,copper,1,44,128,400,247,0.964844
copper_rock_table,copper,1,45,128,400,250,0.976563
copper_rock_table,copper,1,46,128,400,253,0.988281
copper_rock_table,copper,1,47,128,400,255,0.996094
copper_rock_table,copper,1,48,128,400,258,1.000000
copper_rock_table,copper,1,49,128,400,261,1.000000
copper_rock_table,copper,1,50,128,400,265,1.000000
copper_rock_table,copper,1,51,128,400,267,1.000000
copper_rock_table,copper,1,52,128,400,270,1.000000
copper_rock_table,copper,1,53,128,400,273,1.000000
copper_rock_table,copper,1,54,128,400,275,1.000000
copper_rock_table,copper,1,55,128,400,278,1.000000
copper_rock_table,copper,1,56,128,400,281,1.000000
copper_rock_table,copper,1,57,128,400,283,1.000000
copper_rock_table,copper,1,58,128,400,286,1.000000
copper_rock_table,copper,1,59,128,400,289,1.000000
copper_rock_table,copper,1,60,128,400,291,1.000000
copper_rock_table,copper,1,61,128,400,294,1.000000
copper_rock_table,copper,1,62,128,400,297,1.000000
copper_rock_table,copper,1,63,128,400,301,1.000000
copper_rock_table,copper,1,64,128,400,303,1.000000
copper_rock_table,copper,1,65,128,400,306,1.000000
copper_rock_table,copper,1,66,128,400,309,1.000000
copper_rock_table,copper,1,67,128,400,311,1.000000
copper_rock_table,copper,1,68,128,400,314,1.000000
copper_rock_table,copper,1,69,128,400,317,1.000000
copper_rock_table,copper,1,70,128,400,319,1.000000
copper_rock_table,copper,1,71,128,400,322,1.000000
copper_rock_table,copper,1,72,128,400,325,1.000000
copper_rock_table,copper,1,73,128,400,327,1.000000
copper_rock_table,copper,1,74,128,400,330,1.000000
copper_rock_table,copper,1,75,128,400,334,1.000000
copper_rock_table,copper,1,76,128,400,337,1.000000
copper_rock_table,copper,1,77,128,400,339,1.000000
copper_rock_table,copper,1,78,128,400,342,1.000000
copper_rock_table,copper,1,79,128,400,345,1.000000
copper_rock_table,copper,1,80,128,400,347,1.000000
copper_rock_table,copper,1,81,128,400,350,1.000000
copper_rock_table,copper,1,82,128,400,353,1.000000
copper_rock_table,copper,1,83,128,400,355,1.000000
copper_rock_table,copper,1,84,128,400,358,1.000000
copper_rock_table,copper,1,85,128,400,361,1.000000
copper_rock_table,copper,1,86,128,400,363,1.000000
copper_rock_table,copper,1,87,128,400,367,1.000000
copper_rock_table,copper,1,88,128,400,370,1.000000
copper_rock_table,copper,1,89,128,400,373,1.000000
copper_rock_table,copper,1,90,128,400,375,1.000000
copper_rock_table,copper,1,91,128,400,378,1.000000
copper_rock_table,copper,1,92,128,400,381,1.000000
copper_rock_table,copper,1,93,128,400,383,1.000000
copper_rock_table,copper,1,94,128,400,386,1.000000
copper_rock_table,copper,1,95,128,400,389,1.000000
copper_rock_table,copper,1,96,128,400,391,1.000000
copper_rock_table,copper,1,97,128,400,394,1.000000
copper_rock_table,copper,1,98,128,400,397,1.000000
copper_rock_table,copper,1,99,128,400,401,1.000000
tin_rock_table,tin,1,1,128,400,129,0.503906
tin_rock_table,tin,1,2,128,400,131,0.511719
tin_rock_table,tin,1,3,128,400,134,0.523438
tin_rock_table,tin,1,4,128,400,137,0.535156
tin_rock_table,tin,1,5,128,400,139,0.542969
tin_rock_table,tin,1,6,128,400,142,0.554688
tin_rock_table,tin,1,7,128,400,145,0.566406
tin_rock_table,tin,1,8,128,400,147,0.574219
tin_rock_table,tin,1,9,128,400,150,0.585938
tin_rock_table,tin,1,10,128,400,153,0.597656
tin_rock_table,tin,1,11,128,400,155,0.605469
tin_rock_table,tin,1,12,128,400,158,0.617188
tin_rock_table,tin,1,13,128,400,161,0.628906
tin_rock_table,tin,1,14,128,400,165,0.644531
tin_rock_table,tin,1,15,128,400,167,0.652344
tin_rock_table,tin,1,16,128,400,170,0.664063
tin_rock_table,tin,1,17,128,400,173,0.675781
tin_rock_table,tin,1,18,128,400,175,0.683594
tin_rock_table,tin,1,19,128,400,178,0.695313
tin_rock_table,tin,1,20,128,400,181,0.707031
tin_rock_table,tin,1,21,128,400,183,0.714844
tin_rock_table,tin,1,22,128,400,186,0.726563
tin_rock_table,tin,1,23,128,400,189,0.738281
tin_rock_table,tin,1,24,128,400,191,0.746094
tin_rock_table,tin,1,25,128,400,194,0.757813
tin_rock_table,tin,1,26,128,400,198,0.773438
tin_rock_table,tin,1,27,128,400,201,0.785156
tin_rock_table,tin,1,28,128,400,203,0.792969
tin_rock_table,tin,1,29,128,400,206,0.804688
tin_rock_table,tin,1,30,128,400,209,0.816406
tin_rock_table,tin,1,31,128,400,211,0.824219
tin_rock_table,tin,1,32,128,400,214,0.835938
tin_rock_table,tin,1,33,128,400,217,0.847656
tin_rock_table,tin,1,34,128,400,219,0.855469
tin_rock_table,tin,1,35,128,400,222,0.867188
tin_rock_table,tin,1,36,128,400,225,0.878906
tin_rock_table,tin,1,37,128,400,227,0.886719
tin_rock_table,tin,1,38,128,400,231,0.902344
tin_rock_table,tin,1,39,128,400,234,0.914063
tin_rock_table,tin,1,40,128,400,237,0.925781
tin_rock_table,tin,1,41,128,400,239,0.933594
tin_rock_table,tin,1,42,128,400,242,0.945313
tin_rock_table,tin,1,43,128,400,245,0.957031
tin_rock_table,tin,1,44,128,400,247,0.964844
tin_rock_table,tin,1,45,128,400,250,0.976563
tin_rock_table,tin,1,46,128,400,253,0.988281
tin_rock_table,tin,1,47,128,400,255,0.996094
tin_rock_table,tin,1,48,128,400,258,1.000000
tin_rock_table,tin,1,49,128,400,261,1.000000
tin_rock_table,tin,1,50,128,400,265,1.000000
tin_rock_table,tin,1,51,128,400,267,1.000000
tin_rock_table,tin,1,52,128,400,270,1.000000
tin_rock_table,tin,1,53,128,400,273,1.000000
tin_rock_table,tin,1,54,128,400,275,1.000000
tin_rock_table,tin,1,55,128,400,278,1.000000
tin_rock_table,tin,1,56,128,400,281,1.000000
tin_rock_table,tin,1,57,128,400,283,1.000000
tin_rock_table,tin,1,58,128,400,286,1.000000
tin_rock_table,tin,1,59,128,400,289,1.000000
tin_rock_table,tin,1,60,128,400,291,1.000000
tin_rock_table,tin,1,61,128,400,294,1.000000
tin_rock_table,tin,1,62,128,400,297,1.000000
tin_rock_table,tin,1,63,128,400,301,1.000000
tin_rock_table,tin,1,64,128,400,303,1.000000
tin_rock_table,tin,1,65,128,400,306,1.000000
tin_rock_table,tin,1,66,128,400,309,1.000000
tin_rock_table,tin,1,67,128,400,311,1.000000
tin_rock_table,tin,1,68,128,400,314,1.000000
tin_rock_table,tin,1,69,128,400,317,1.000000
tin_rock_table,tin,1,70,128,400,319,1.000000
tin_rock_table,tin,1,71,128,400,322,1.000000
tin_rock_table,tin,1,72,128,400,325,1.000000
tin_rock_table,tin,1,73,128,400,327,1.000000
tin_rock_table,tin,1,74,128,400,330,1.000000
tin_rock_table,tin,1,75,128,400,334,1.000000
tin_rock_table,tin,1,76,128,400,337,1.000000
tin_rock_table,tin,1,77,128,400,339,1.000000
tin_rock_table,tin,1,78,128,400,342,1.000000
tin_rock_table,tin,1,79,128,400,345,1.000000
tin_rock_table,tin,1,80,128,400,347,1.000000
tin_rock_table,tin,1,81,128,400,350,1.000000
tin_rock_table,tin,1,82,128,400,353,1.000000
tin_rock_table,tin,1,83,128,400,355,1.000000
tin_rock_table,tin,1,84,128,400,358,1.000000
tin_rock_table,tin,1,85,128,400,361,1.000000
tin_rock_table,tin,1,86,128,400,363,1.000000
tin_rock_table,tin,1,87,128,400,367,1.000000
tin_rock_table,tin,1,88,128,400,370,1.000000
tin_rock_table,tin,1,89,128,400,373,1.000000
tin_rock_table,tin,1,90,128,400,375,1.000000
tin_rock_table,tin,1,91,128,400,378,1.000000
tin_rock_table,tin,1,92,128,400,381,1.000000
tin_rock_table,tin,1,93,128,400,383,1.000000
tin_rock_table,tin,1,94,128,400,386,1.000000
tin_rock_table,tin,1,95,128,400,389,1.000000
tin_rock_table,tin,1,96,128,400,391,1.000000
tin_rock_table,tin,1,97,128,400,394,1.000000
tin_rock_table,tin,1,98,128,400,397,1.000000
tin_rock_table,tin,1,99,128,400,401,1.000000
iron_rock_table,iron,15,1,96,350,97,0.000000
iron_rock_table,iron,15,2,96,350,99,0.000000
iron_rock_table,iron,15,3,96,350,102,0.000000
iron_rock_table,iron,15,4,96,350,104,0.000000
iron_rock_table,iron,15,5,96,350,107,0.000000
iron_rock_table,iron,15,6,96,350,109,0.000000
iron_rock_table,iron,15,7,96,350,112,0.000000
iron_rock_table,iron,15,8,96,350,115,0.000000
iron_rock_table,iron,15,9,96,350,117,0.000000
iron_rock_table,iron,15,10,96,350,120,0.000000
iron_rock_table,iron,15,11,96,350,122,0.000000
iron_rock_table,iron,15,12,96,350,125,0.000000
iron_rock_table,iron,15,13,96,350,127,0.000000
iron_rock_table,iron,15,14,96,350,130,0.000000
iron_rock_table,iron,15,15,96,350,133,0.519531
iron_rock_table,iron,15,16,96,350,135,0.527344
iron_rock_table,iron,15,17,96,350,138,0.539063
iron_rock_table,iron,15,18,96,350,140,0.546875
iron_rock_table,iron,15,19,96,350,143,0.558594
iron_rock_table,iron,15,20,96,350,145,0.566406
iron_rock_table,iron,15,21,96,350,148,0.578125
iron_rock_table,iron,15,22,96,350,151,0.589844
iron_rock_table,iron,15,23,96,350,153,0.597656
iron_rock_table,iron,15,24,96,350,156,0.609375
iron_rock_table,iron,15,25,96,350,158,0.617188
iron_rock_table,iron,15,26,96,350,161,0.628906
iron_rock_table,iron,15,27,96,350,163,0.636719
iron_rock_table,iron,15,28,96,350,166,0.648438
iron_rock_table,iron,15,29,96,350,169,0.660156
iron_rock_table,iron,15,30,96,350,171,0.667969
iron_rock_table,iron,15,31,96,350,174,0.679688
iron_rock_table,iron,15,32,96,350,176,0.687500
iron_rock_table,iron,15,33,96,350,179,0.699219
iron_rock_table,iron,15,34,96,350,181,0.707031
iron_rock_table,iron,15,35,96,350,184,0.718750
iron_rock_table,iron,15,36,96,350,187,0.730469
iron_rock_table,iron,15,37,96,350,189,0.738281
iron_rock_table,iron,15,38,96,350,192,0.750000
iron_rock_table,iron,15,39,96,350,194,0.757813
iron_rock_table,iron,15,40,96,350,197,0.769531
iron_rock_table,iron,15,41,96,350,199,0.777344
iron_rock_table,iron,15,42,96,350,202,0.789063
iron_rock_table,iron,15,43,96,350,205,0.800781
iron_rock_table,iron,15,44,96,350,207,0.808594
iron_rock_table,iron,15,45,96,350,210,0.820313
iron_rock_table,iron,15,46,96,350,212,0.828125
iron_rock_table,iron,15,47,96,350,215,0.839844
iron_rock_table,iron,15,48,96,350,217,0.847656
iron_rock_table,iron,15,49,96,350,220,0.859375
iron_rock_table,iron,15,50,96,350,224,0.875000
iron_rock_table,iron,15,51,96,350,226,0.882813
iron_rock_table,iron,15,52,96,350,229,0.894531
iron_rock_table,iron,15,53,96,350,231,0.902344
iron_rock_table,iron,15,54,96,350,234,0.914063
iron_rock_table,iron,15,55,96,350,236,0.921875
iron_rock_table,iron,15,56,96,350,239,0.933594
iron_rock_table,iron,15,57,96,350,242,0.945313
iron_rock_table,iron,15,58,96,350,244,0.953125
iron_rock_table,iron,15,59,96,350,247,0.964844
iron_rock_table,iron,15,60,96,350,249,0.972656
iron_rock_table,iron,15,61,96,350,252,0.984375
iron_rock_table,iron,15,62,96,350,254,0.992188
iron_rock_table,iron,15,63,96,350,257,1.000000
iron_rock_table,iron,15,64,96,350,260,1.000000
iron_rock_table,iron,15,65,96,350,262,1.000000
iron_rock_table,iron,15,66,96,350,265,1.000000
iron_rock_table,iron,15,67,96,350,267,1.000000
iron_rock_table,iron,15,68,96,350,270,1.000000
iron_rock_table,iron,15,69,96,350,272,1.000000
iron_rock_table,iron,15,70,96,350,275,1.000000
iron_rock_table,iron,15,71,96,350,278,1.000000
iron_rock_table,iron,15,72,96,350,280,1.000000
iron_rock_table,iron,15,73,96,350,283,1.000000
iron_rock_table,iron,15,74,96,350,285,1.000000
iron_rock_table,iron,15,75,96,350,288,1.000000
iron_rock_table,iron,15,76,96,350,290,1.000000
iron_rock_table,iron,15,77,96,350,293,1.000000
iron_rock_table,iron,15,78,96,350,296,1.000000
iron_rock_table,iron,15,79,96,350,298,1.000000
iron_rock_table,iron,15,80,96,350,301,1.000000
iron_rock_table,iron,15,81,96,350,303,1.000000
iron_rock_table,iron,15,82,96,350,306,1.000000
iron_rock_table,iron,15,83,96,350,308,1.000000
iron_rock_table,iron,15,84,96,350,311,1.000000
iron_rock_table,iron,15,85,96,350,314,1.000000
iron_rock_table,iron,15,86,96,350,316,1.000000
iron_rock_table,iron,15,87,96,350,319,1.000000
iron_rock_table,iron,15,88,96,350,321,1.000000
iron_rock_table,iron,15,89,96,350,324,1.000000
iron_rock_table,iron,15,90,96,350,326,1.000000
iron_rock_table,iron,15,91,96,350,329,1.000000
iron_rock_table,iron,15,92,96,350,332,1.000000
iron_rock_table,iron,15,93,96,350,334,1.000000
iron_rock_table,iron,15,94,96,350,337,1.000000
iron_rock_table,iron,15,95,96,350,339,1.000000
iron_rock_table,iron,15,96,96,350,342,1.000000
iron_rock_table,iron,15,97,96,350,344,1.000000
iron_rock_table,iron,15,98,96,350,347,1.000000
iron_rock_table,iron,15,99,96,350,351,1.000000
coal_rock_table,coal,30,1,16,100,17,0.000000
coal_rock_table,coal,30,2,16,100,17,0.000000
coal_rock_table,coal,30,3,16,100,18,0.000000
coal_rock_table,coal,30,4,16,100,19,0.000000
coal_rock_table,coal,30,5,16,100,20,0.000000
coal_rock_table,coal,30,6,16,100,21,0.000000
coal_rock_table,coal,30,7,16,100,22,0.000000
coal_rock_table,coal,30,8,16,100,22,0.000000
coal_rock_table,coal,30,9,16,100,23,0.000000
coal_rock_table,coal,30,10,16,100,24,0.000000
coal_rock_table,coal,30,11,16,100,25,0.000000
coal_rock_table,coal,30,12,16,100,26,0.000000
coal_rock_table,coal,30,13,16,100,27,0.000000
coal_rock_table,coal,30,14,16,100,27,0.000000
coal_rock_table,coal,30,15,16,100,28,0.000000
coal_rock_table,coal,30,16,16,100,29,0.000000
coal_rock_table,coal,30,17,16,100,30,0.000000
coal_rock_table,coal,30,18,16,100,31,0.000000
coal_rock_table,coal,30,19,16,100,32,0.000000
coal_rock_table,coal,30,20,16,100,32,0.000000
coal_rock_table,coal,30,21,16,100,33,0.000000
coal_rock_table,coal,30,22,16,100,34,0.000000
coal_rock_table,coal,30,23,16,100,35,0.000000
coal_rock_table,coal,30,24,16,100,36,0.000000
coal_rock_table,coal,30,25,16,100,37,0.000000
coal_rock_table,coal,30,26,16,100,37,0.000000
coal_rock_table,coal,30,27,16,100,38,0.000000
coal_rock_table,coal,30,28,16,100,39,0.000000
coal_rock_table,coal,30,29,16,100,40,0.000000
coal_rock_table,coal,30,30,16,100,41,0.160156
coal_rock_table,coal,30,31,16,100,42,0.164063
coal_rock_table,coal,30,32,16,100,42,0.164063
coal_rock_table,coal,30,33,16,100,43,0.167969
coal_rock_table,coal,30,34,16,100,44,0.171875
coal_rock_table,coal,30,35,16,100,45,0.175781
coal_rock_table,coal,30,36,16,100,46,0.179688
coal_rock_table,coal,30,37,16,100,47,0.183594
coal_rock_table,coal,30,38,16,100,47,0.183594
coal_rock_table,coal,30,39,16,100,48,0.187500
coal_rock_table,coal,30,40,16,100,49,0.191406
coal_rock_table,coal,30,41,16,100,50,0.195313
coal_rock_table,coal,30,42,16,100,51,0.199219
coal_rock_table,coal,30,43,16,100,52,0.203125
coal_rock_table,coal,30,44,16,100,52,0.203125
coal_rock_table,coal,30,45,16,100,53,0.207031
coal_rock_table,coal,30,46,16,100,54,0.210938
coal_rock_table,coal,30,47,16,100,55,0.214844
coal_rock_table,coal,30,48,16,100,56,0.218750
coal_rock_table,coal,30,49,16,100,57,0.222656
coal_rock_table,coal,30,50,16,100,59,0.230469
coal_rock_table,coal,30,51,16,100,59,0.230469
coal_rock_table,coal,30,52,16,100,60,0.234375
coal_rock_table,coal,30,53,16,100,61,0.238281
coal_rock_table,coal,30,54,16,100,62,0.242188
coal_rock_table,coal,30,55,16,100,63,0.246094
coal_rock_table,coal,30,56,16,100,64,0.250000
coal_rock_table,coal,30,57,16,100,64,0.250000
coal_rock_table,coal,30,58,16,100,65,0.253906
coal_rock_table,coal,30,59,16,100,66,0.257813
coal_rock_table,coal,30,60,16,100,67,0.261719
coal_rock_table,coal,30,61,16,100,68,0.265625
coal_rock_table,coal,30,62,16,100,69,0.269531
coal_rock_table,coal,30,63,16,100,69,0.269531
coal_rock_table,coal,30,64,16,100,70,0.273438
coal_rock_table,coal,30,65,16,100,71,0.277344
coal_rock_table,coal,30,66,16,100,72,0.281250
coal_rock_table,coal,30,67,16,100,73,0.285156
coal_rock_table,coal,30,68,16,100,74,0.289063
coal_rock_table,coal,30,69,16,100,74,0.289063
coal_rock_table,coal,30,70,16,100,75,0.292969
coal_rock_table,coal,30,71,16,100,76,0.296875
coal_rock_table,coal,30,72,16,100,77,0.300781
coal_rock_table,coal,30,73,16,100,78,0.304688
coal_rock_table,coal,30,74,16,100,79,0.308594
coal_rock_table,coal,30,75,16,100,79,0.308594
coal_rock_table,coal,30,76,16,100,80,0.312500
coal_rock_table,coal,30,77,16,100,81,0.316406
coal_rock_table,coal,30,78,16,100,82,0.320313
coal_rock_table,coal,30,79,16,100,83,0.324219
coal_rock_table,coal,30,80,16,100,84,0.328125
coal_rock_table,coal,30,81,16,100,84,0.328125
coal_rock_table,coal,30,82,16,100,85,0.332031
coal_rock_table,coal,30,83,16,100,86,0.335938
coal_rock_table,coal,30,84,16,100,87,0.339844
coal_rock_table,coal,30,85,16,100,88,0.343750
coal_rock_table,coal,30,86,16,100,89,0.347656
coal_rock_table,coal,30,87,16,100,89,0.347656
coal_rock_table,coal,30,88,16,100,90,0.351563
coal_rock_table,coal,30,89,16,100,91,0.355469
coal_rock_table,coal,30,90,16,100,92,0.359375
coal_rock_table,coal,30,91,16,100,93,0.363281
coal_rock_table,coal,30,92,16,100,94,0.367188
coal_rock_table,coal,30,93,16,100,94,0.367188
coal_rock_table,coal,30,94,16,100,95,0.371094
coal_rock_table,coal,30,95,16,100,96,0.375000
coal_rock_table,coal,30,96,16,100,97,0.378906
coal_rock_table,coal,30,97,16,100,98,0.382813
coal_rock_table,coal,30,98,16,100,99,0.386719
coal_rock_table,coal,30,99,16,100,101,0.394531
gold_rock_table,gold,40,1,7,75,8,0.000000
gold_rock_table,gold,40,2,7,75,7,0.000000
gold_rock_table,gold,40,3,7,75,8,0.000000
gold_rock_table,gold,40,4,7,75,9,0.000000
gold_rock_table,gold,40,5,7,75,10,0.000000
gold_rock_table,gold,40,6,7,75,10,0.000000
gold_rock_table,gold,40,7,7,75,11,0.000000
gold_rock_table,gold,40,8,7,75,12,0.000000
gold_rock_table,gold,40,9,7,75,13,0.000000
gold_rock_table,gold,40,10,7,75,13,0.000000
gold_rock_table,gold,40,11,7,75,14,0.000000
gold_rock_table,gold,40,12,7,75,15,0.000000
gold_rock_table,gold,40,13,7,75,16,0.000000
gold_rock_table,gold,40,14,7,75,16,0.000000
gold_rock_table,gold,40,15,7,75,17,0.000000
gold_rock_table,gold,40,16,7,75,17,0.000000
gold_rock_table,gold,40,17,7,75,18,0.000000
gold_rock_table,gold,40,18,7,75,19,0.000000
gold_rock_table,gold,40,19,7,75,19,0.000000
gold_rock_table,gold,40,20,7,75,20,0.000000
gold_rock_table,gold,40,21,7,75,21,0.000000
gold_rock_table,gold,40,22,7,75,22,0.000000
gold_rock_table,gold,40,23,7,75,22,0.000000
gold_rock_table,gold,40,24,7,75,23,0.000000
gold_rock_table,gold,40,25,7,75,24,0.000000
gold_rock_table,gold,40,26,7,75,25,0.000000
gold_rock_table,gold,40,27,7,75,25,0.000000
gold_rock_table,gold,40,28,7,75,26,0.000000
gold_rock_table,gold,40,29,7,75,27,0.000000
gold_rock_table,gold,40,30,7,75,27,0.000000
gold_rock_table,gold,40,31,7,75,27,0.000000
gold_rock_table,gold,40,32,7,75,28,0.000000
gold_rock_table,gold,40,33,7,75,29,0.000000
gold_rock_table,gold,40,34,7,75,30,0.000000
gold_rock_table,gold,40,35,7,75,31,0.000000
gold_rock_table,gold,40,36,7,75,31,0.000000
gold_rock_table,gold,40,37,7,75,32,0.000000
gold_rock_table,gold,40,38,7,75,33,0.000000
gold_rock_table,gold,40,39,7,75,34,0.000000
gold_rock_table,gold,40,40,7,75,34,0.132813
gold_rock_table,gold,40,41,7,75,35,0.136719
gold_rock_table,gold,40,42,7,75,36,0.140625
gold_rock_table,gold,40,43,7,75,37,0.144531
gold_rock_table,gold,40,44,7,75,36,0.140625
gold_rock_table,gold,40,45,7,75,37,0.144531
gold_rock_table,gold,40,46,7,75,38,0.148438
gold_rock_table,gold,40,47,7,75,39,0.152344
gold_rock_table,gold,40,48,7,75,39,0.152344
gold_rock_table,gold,40,49,7,75,40,0.156250
gold_rock_table,gold,40,50,7,75,41,0.160156
gold_rock_table,gold,40,51,7,75,42,0.164063
gold_rock_table,gold,40,52,7,75,43,0.167969
gold_rock_table,gold,40,53,7,75,43,0.167969
gold_rock_table,gold,40,54,7,75,44,0.171875
gold_rock_table,gold,40,55,7,75,45,0.175781
gold_rock_table,gold,40,56,7,75,46,0.179688
gold_rock_table,gold,40,57,7,75,46,0.179688
gold_rock_table,gold,40,58,7,75,46,0.179688
gold_rock_table,gold,40,59,7,75,47,0.183594
gold_rock_table,gold,40,60,7,75,48,0.187500
gold_rock_table,gold,40,61,7,75,48,0.187500
gold_rock_table,gold,40,62,7,75,49,0.191406
gold_rock_table,gold,40,63,7,75,50,0.195313
gold_rock_table,gold,40,64,7,75,51,0.199219
gold_rock_table,gold,40,65,7,75,51,0.199219
gold_rock_table,gold,40,66,7,75,52,0.203125
gold_rock_table,gold,40,67,7,75,53,0.207031
gold_rock_table,gold,40,68,7,75,54,0.210938
gold_rock_table,gold,40,69,7,75,55,0.214844
gold_rock_table,gold,40,70,7,75,55,0.214844
gold_rock_table,gold,40,71,7,75,56,0.218750
gold_rock_table,gold,40,72,7,75,56,0.218750
gold_rock_table,gold,40,73,7,75,57,0.222656
gold_rock_table,gold,40,74,7,75,57,0.222656
gold_rock_table,gold,40,75,7,75,58,0.226563
gold_rock_table,gold,40,76,7,75,59,0.230469
gold_rock_table,gold,40,77,7,75,60,0.234375
gold_rock_table,gold,40,78,7,75,60,0.234375
gold_rock_table,gold,40,79,7,75,61,0.238281
gold_rock_table,gold,40,80,7,75,62,0.242188
gold_rock_table,gold,40,81,7,75,63,0.246094
gold_rock_table,gold,40,82,7,75,63,0.246094
gold_rock_table,gold,40,83,7,75,64,0.250000
gold_rock_table,gold,40,84,7,75,65,0.253906
gold_rock_table,gold,40,85,7,75,66,0.257813
gold_rock_table,gold,40,86,7,75,66,0.257813
gold_rock_table,gold,40,87,7,75,66,0.257813
gold_rock_table,gold,40,88,7,75,67,0.261719
gold_rock_table,gold,40,89,7,75,68,0.265625
gold_rock_table,gold,40,90,7,75,69,0.269531
gold_rock_table,gold,40,91,7,75,69,0.269531
gold_rock_table,gold,40,92,7,75,70,0.273438
gold_rock_table,gold,40,93,7,75,71,0.277344
gold_rock_table,gold,40,94,7,75,72,0.281250
gold_rock_table,gold,40,95,7,75,72,0.281250
gold_rock_table,gold,40,96,7,75,73,0.285156
gold_rock_table,gold,40,97,7,75,74,0.289063
gold_rock_table,gold,40,98,7,75,75,0.292969
gold_rock_table,gold,40,99,7,75,76,0.296875
silver_rock_table,silver,20,1,25,200,26,0.000000
silver_rock_table,silver,20,2,25,200,27,0.000000
silver_rock_table,silver,20,3,25,200,29,0.000000
silver_rock_table,silver,20,4,25,200,31,0.000000
silver_rock_table,silver,20,5,25,200,32,0.000000
silver_rock_table,silver,20,6,25,200,34,0.000000
silver_rock_table,silver,20,7,25,200,36,0.000000
silver_rock_table,silver,20,8,25,200,38,0.000000
silver_rock_table,silver,20,9,25,200,39,0.000000
silver_rock_table,silver,20,10,25,200,41,0.000000
silver_rock_table,silver,20,11,25,200,43,0.000000
silver_rock_table,silver,20,12,25,200,45,0.000000
silver_rock_table,silver,20,13,25,200,46,0.000000
silver_rock_table,silver,20,14,25,200,48,0.000000
silver_rock_table,silver,20,15,25,200,50,0.000000
silver_rock_table,silver,20,16,25,200,52,0.000000
silver_rock_table,silver,20,17,25,200,53,0.000000
silver_rock_table,silver,20,18,25,200,55,0.000000
silver_rock_table,silver,20,19,25,200,57,0.000000
silver_rock_table,silver,20,20,25,200,59,0.230469
silver_rock_table,silver,20,21,25,200,60,0.234375
silver_rock_table,silver,20,22,25,200,62,0.242188
silver_rock_table,silver,20,23,25,200,64,0.250000
silver_rock_table,silver,20,24,25,200,66,0.257813
silver_rock_table,silver,20,25,25,200,67,0.261719
silver_rock_table,silver,20,26,25,200,70,0.273438
silver_rock_table,silver,20,27,25,200,72,0.281250
silver_rock_table,silver,20,28,25,200,74,0.289063
silver_rock_table,silver,20,29,25,200,75,0.292969
silver_rock_table,silver,20,30,25,200,77,0.300781
silver_rock_table,silver,20,31,25,200,79,0.308594
silver_rock_table,silver,20,32,25,200,81,0.316406
silver_rock_table,silver,20,33,25,200,82,0.320313
silver_rock_table,silver,20,34,25,200,84,0.328125
silver_rock_table,silver,20,35,25,200,86,0.335938
silver_rock_table,silver,20,36,25,200,88,0.343750
silver_rock_table,silver,20,37,25,200,89,0.347656
silver_rock_table,silver,20,38,25,200,91,0.355469
silver_rock_table,silver,20,39,25,200,93,0.363281
silver_rock_table,silver,20,40,25,200,95,0.371094
silver_rock_table,silver,20,41,25,200,96,0.375000
silver_rock_table,silver,20,42,25,200,98,0.382813
silver_rock_table,silver,20,43,25,200,100,0.390625
silver_rock_table,silver,20,44,25,200,102,0.398438
silver_rock_table,silver,20,45,25,200,103,0.402344
silver_rock_table,silver,20,46,25,200,105,0.410156
silver_rock_table,silver,20,47,25,200,107,0.417969
silver_rock_table,silver,20,48,25,200,109,0.425781
silver_rock_table,silver,20,49,25,200,110,0.429688
silver_rock_table,silver,20,50,25,200,113,0.441406
silver_rock_table,silver,20,51,25,200,115,0.449219
silver_rock_table,silver,20,52,25,200,116,0.453125
silver_rock_table,silver,20,53,25,200,118,0.460938
silver_rock_table,silver,20,54,25,200,120,0.468750
silver_rock_table,silver,20,55,25,200,122,0.476563
silver_rock_table,silver,20,56,25,200,123,0.480469
silver_rock_table,silver,20,57,25,200,125,0.488281
silver_rock_table,silver,20,58,25,200,127,0.496094
silver_rock_table,silver,20,59,25,200,129,0.503906
silver_rock_table,silver,20,60,25,200,130,0.507813
silver_rock_table,silver,20,61,25,200,132,0.515625
silver_rock_table,silver,20,62,25,200,134,0.523438
silver_rock_table,silver,20,63,25,200,136,0.531250
silver_rock_table,silver,20,64,25,200,137,0.535156
silver_rock_table,silver,20,65,25,200,139,0.542969
silver_rock_table,silver,20,66,25,200,141,0.550781
silver_rock_table,silver,20,67,25,200,143,0.558594
silver_rock_table,silver,20,68,25,200,144,0.562500
silver_rock_table,silver,20,69,25,200,146,0.570313
silver_rock_table,silver,20,70,25,200,148,0.578125
silver_rock_table,silver,20,71,25,200,150,0.585938
silver_rock_table,silver,20,72,25,200,151,0.589844
silver_rock_table,silver,20,73,25,200,153,0.597656
silver_rock_table,silver,20,74,25,200,155,0.605469
silver_rock_table,silver,20,75,25,200,158,0.617188
silver_rock_table,silver,20,76,25,200,159,0.621094
silver_rock_table,silver,20,77,25,200,161,0.628906
silver_rock_table,silver,20,78,25,200,163,0.636719
silver_rock_table,silver,20,79,25,200,165,0.644531
silver_rock_table,silver,20,80,25,200,166,0.648438
silver_rock_table,silver,20,81,25,200,168,0.656250
silver_rock_table,silver,20,82,25,200,170,0.664063
silver_rock_table,silver,20,83,25,200,172,0.671875
silver_rock_table,silver,20,84,25,200,173,0.675781
silver_rock_table,silver,20,85,25,200,175,0.683594
silver_rock_table,silver,20,86,25,200,177,0.691406
silver_rock_table,silver,20,87,25,200,179,0.699219
silver_rock_table,silver,20,88,25,200,180,0.703125
silver_rock_table,silver,20,89,25,200,182,0.710938
silver_rock_table,silver,20,90,25,200,184,0.718750
silver_rock_table,silver,20,91,25,200,186,0.726563
silver_rock_table,silver,20,92,25,200,187,0.730469
silver_rock_table,silver,20,93,25,200,189,0.738281
silver_rock_table,silver,20,94,25,200,191,0.746094
silver_rock_table,silver,20,95,25,200,193,0.753906
silver_rock_table,silver,20,96,25,200,194,0.757813
silver_rock_table,silver,20,97,25,200,196,0.765625
silver_rock_table,silver,20,98,25,200,198,0.773438
silver_rock_table,silver,20,99,25,200,201,0.785156
mithril_rock_table,mithril,55,1,5,50,6,0.000000
mithril_rock_table,mithril,55,2,5,50,5,0.000000
mithril_rock_table,mithril,55,3,5,50,6,0.000000
mithril_rock_table,mithril,55,4,5,50,6,0.000000
mithril_rock_table,mithril,55,5,5,50,7,0.000000
mithril_rock_table,mithril,55,6,5,50,7,0.000000
mithril_rock_table,mithril,55,7,5,50,8,0.000000
mithril_rock_table,mithril,55,8,5,50,8,0.000000
mithril_rock_table,mithril,55,9,5,50,9,0.000000
mithril_rock_table,mithril,55,10,5,50,9,0.000000
mithril_rock_table,mithril,55,11,5,50,10,0.000000
mithril_rock_table,mithril,55,12,5,50,10,0.000000
mithril_rock_table,mithril,55,13,5,50,11,0.000000
mithril_rock_table,mithril,55,14,5,50,11,0.000000
mithril_rock_table,mithril,55,15,5,50,12,0.000000
mithril_rock_table,mithril,55,16,5,50,12,0.000000
mithril_rock_table,mithril,55,17,5,50,13,0.000000
mithril_rock_table,mithril,55,18,5,50,13,0.000000
mithril_rock_table,mithril,55,19,5,50,14,0.000000
mithril_rock_table,mithril,55,20,5,50,14,0.000000
mithril_rock_table,mithril,55,21,5,50,14,0.000000
mithril_rock_table,mithril,55,22,5,50,14,0.000000
mithril_rock_table,mithril,55,23,5,50,15,0.000000
mithril_rock_table,mithril,55,24,5,50,15,0.000000
mithril_rock_table,mithril,55,25,5,50,16,0.000000
mithril_rock_table,mithril,55,26,5,50,16,0.000000
mithril_rock_table,mithril,55,27,5,50,17,0.000000
mithril_rock_table,mithril,55,28,5,50,17,0.000000
mithril_rock_table,mithril,55,29,5,50,18,0.000000
mithril_rock_table,mithril,55,30,5,50,18,0.000000
mithril_rock_table,mithril,55,31,5,50,19,0.000000
mithril_rock_table,mithril,55,32,5,50,19,0.000000
mithril_rock_table,mithril,55,33,5,50,20,0.000000
mithril_rock_table,mithril,55,34,5,50,20,0.000000
mithril_rock_table,mithril,55,35,5,50,21,0.000000
mithril_rock_table,mithril,55,36,5,50,21,0.000000
mithril_rock_table,mithril,55,37,5,50,22,0.000000
mithril_rock_table,mithril,55,38,5,50,22,0.000000
mithril_rock_table,mithril,55,39,5,50,23,0.000000
mithril_rock_table,mithril,55,40,5,50,23,0.000000
mithril_rock_table,mithril,55,41,5,50,23,0.000000
mithril_rock_table,mithril,55,42,5,50,23,0.000000
mithril_rock_table,mithril,55,43,5,50,24,0.000000
mithril_rock_table,mithril,55,44,5,50,24,0.000000
mithril_rock_table,mithril,55,45,5,50,25,0.000000
mithril_rock_table,mithril,55,46,5,50,25,0.000000
mithril_rock_table,mithril,55,47,5,50,26,0.000000
mithril_rock_table,mithril,55,48,5,50,26,0.000000
mithril_rock_table,mithril,55,49,5,50,27,0.000000
mithril_rock_table,mithril,55,50,5,50,28,0.000000
mithril_rock_table,mithril,55,51,5,50,28,0.000000
mithril_rock_table,mithril,55,52,5,50,29,0.000000
mithril_rock_table,mithril,55,53,5,50,29,0.000000
mithril_rock_table,mithril,55,54,5,50,30,0.000000
mithril_rock_table,mithril,55,55,5,50,30,0.117188
mithril_rock_table,mithril,55,56,5,50,31,0.121094
mithril_rock_table,mithril,55,57,5,50,31,0.121094
mithril_rock_table,mithril,55,58,5,50,32,0.125000
mithril_rock_table,mithril,55,59,5,50,32,0.125000
mithril_rock_table,mithril,55,60,5,50,32,0.125000
mithril_rock_table,mithril,55,61,5,50,32,0.125000
mithril_rock_table,mithril,55,62,5,50,33,0.128906
mithril_rock_table,mithril,55,63,5,50,33,0.128906
mithril_rock_table,mithril,55,64,5,50,34,0.132813
mithril_rock_table,mithril,55,65,5,50,34,0.132813
mithril_rock_table,mithril,55,66,5,50,35,0.136719
mithril_rock_table,mithril,55,67,5,50,35,0.136719
mithril_rock_table,mithril,55,68,5,50,36,0.140625
mithril_rock_table,mithril,55,69,5,50,36,0.140625
mithril_rock_table,mithril,55,70,5,50,37,0.144531
mithril_rock_table,mithril,55,71,5,50,37,0.144531
mithril_rock_table,mithril,55,72,5,50,38,0.148438
mithril_rock_table,mithril,55,73,5,50,38,0.148438
mithril_rock_table,mithril,55,74,5,50,39,0.152344
mithril_rock_table,mithril,55,75,5,50,39,0.152344
mithril_rock_table,mithril,55,76,5,50,40,0.156250
mithril_rock_table,mithril,55,77,5,50,40,0.156250
mithril_rock_table,mithril,55,78,5,50,41,0.160156
mithril_rock_table,mithril,55,79,5,50,41,0.160156
mithril_rock_table,mithril,55,80,5,50,41,0.160156
mithril_rock_table,mithril,55,81,5,50,41,0.160156
mithril_rock_table,mithril,55,82,5,50,42,0.164063
mithril_rock_table,mithril,55,83,5,50,42,0.164063
mithril_rock_table,mithril,55,84,5,50,43,0.167969
mithril_rock_table,mithril,55,85,5,50,43,0.167969
mithril_rock_table,mithril,55,86,5,50,44,0.171875
mithril_rock_table,mithril,55,87,5,50,44,0.171875
mithril_rock_table,mithril,55,88,5,50,45,0.175781
mithril_rock_table,mithril,55,89,5,50,45,0.175781
mithril_rock_table,mithril,55,90,5,50,46,0.179688
mithril_rock_table,mithril,55,91,5,50,46,0.179688
mithril_rock_table,mithril,55,92,5,50,47,0.183594
mithril_rock_table,mithril,55,93,5,50,47,0.183594
mithril_rock_table,mithril,55,94,5,50,48,0.187500
mithril_rock_table,mithril,55,95,5,50,48,0.187500
mithril_rock_table,mithril,55,96,5,50,49,0.191406
mithril_rock_table,mithril,55,97,5,50,49,0.191406
mithril_rock_table,mithril,55,98,5,50,50,0.195313
mithril_rock_table,mithril,55,99,5,50,51,0.199219
adamantite_rock_table,adamantite,70,1,2,25,3,0.000000
adamantite_rock_table,adamantite,70,2,2,25,2,0.000000
adamantite_rock_table,adamantite,70,3,2,25,2,0.000000
adamantite_rock_table,adamantite,70,4,2,25,2,0.000000
adamantite_rock_table,adamantite,70,5,2,25,3,0.000000
adamantite_rock_table,adamantite,70,6,2,25,3,0.000000
adamantite_rock_table,adamantite,70,7,2,25,3,0.000000
adamantite_rock_table,adamantite,70,8,2,25,3,0.000000
adamantite_rock_table,adamantite,70,9,2,25,4,0.000000
adamantite_rock_table,adamantite,70,10,2,25,4,0.000000
adamantite_rock_table,adamantite,70,11,2,25,4,0.000000
adamantite_rock_table,adamantite,70,12,2,25,4,0.000000
adamantite_rock_table,adamantite,70,13,2,25,5,0.000000
adamantite_rock_table,adamantite,70,14,2,25,5,0.000000
adamantite_rock_table,adamantite,70,15,2,25,5,0.000000
adamantite_rock_table,adamantite,70,16,2,25,5,0.000000
adamantite_rock_table,adamantite,70,17,2,25,6,0.000000
adamantite_rock_table,adamantite,70,18,2,25,6,0.000000
adamantite_rock_table,adamantite,70,19,2,25,6,0.000000
adamantite_rock_table,adamantite,70,20,2,25,6,0.000000
adamantite_rock_table,adamantite,70,21,2,25,7,0.000000
adamantite_rock_table,adamantite,70,22,2,25,7,0.000000
adamantite_rock_table,adamantite,70,23,2,25,7,0.000000
adamantite_rock_table,adamantite,70,24,2,25,7,0.000000
adamantite_rock_table,adamantite,70,25,2,25,8,0.000000
adamantite_rock_table,adamantite,70,26,2,25,8,0.000000
adamantite_rock_table,adamantite,70,27,2,25,8,0.000000
adamantite_rock_table,adamantite,70,28,2,25,8,0.000000
adamantite_rock_table,adamantite,70,29,2,25,9,0.000000
adamantite_rock_table,adamantite,70,30,2,25,9,0.000000
adamantite_rock_table,adamantite,70,31,2,25,9,0.000000
adamantite_rock_table,adamantite,70,32,2,25,9,0.000000
adamantite_rock_table,adamantite,70,33,2,25,10,0.000000
adamantite_rock_table,adamantite,70,34,2,25,10,0.000000
adamantite_rock_table,adamantite,70,35,2,25,10,0.000000
adamantite_rock_table,adamantite,70,36,2,25,10,0.000000
adamantite_rock_table,adamantite,70,37,2,25,11,0.000000
adamantite_rock_table,adamantite,70,38,2,25,11,0.000000
adamantite_rock_table,adamantite,70,39,2,25,11,0.000000
adamantite_rock_table,adamantite,70,40,2,25,11,0.000000
adamantite_rock_table,adamantite,70,41,2,25,12,0.000000
adamantite_rock_table,adamantite,70,42,2,25,12,0.000000
adamantite_rock_table,adamantite,70,43,2,25,12,0.000000
adamantite_rock_table,adamantite,70,44,2,25,12,0.000000
adamantite_rock_table,adamantite,70,45,2,25,13,0.000000
adamantite_rock_table,adamantite,70,46,2,25,13,0.000000
adamantite_rock_table,adamantite,70,47,2,25,13,0.000000
adamantite_rock_table,adamantite,70,48,2,25,13,0.000000
adamantite_rock_table,adamantite,70,49,2,25,14,0.000000
adamantite_rock_table,adamantite,70,50,2,25,14,0.000000
adamantite_rock_table,adamantite,70,51,2,25,13,0.000000
adamantite_rock_table,adamantite,70,52,2,25,14,0.000000
adamantite_rock_table,adamantite,70,53,2,25,14,0.000000
adamantite_rock_table,adamantite,70,54,2,25,14,0.000000
adamantite_rock_table,adamantite,70,55,2,25,14,0.000000
adamantite_rock_table,adamantite,70,56,2,25,15,0.000000
adamantite_rock_table,adamantite,70,57,2,25,15,0.000000
adamantite_rock_table,adamantite,70,58,2,25,15,0.000000
adamantite_rock_table,adamantite,70,59,2,25,15,0.000000
adamantite_rock_table,adamantite,70,60,2,25,16,0.000000
adamantite_rock_table,adamantite,70,61,2,25,16,0.000000
adamantite_rock_table,adamantite,70,62,2,25,16,0.000000
adamantite_rock_table,adamantite,70,63,2,25,16,0.000000
adamantite_rock_table,adamantite,70,64,2,25,17,0.000000
adamantite_rock_table,adamantite,70,65,2,25,17,0.000000
adamantite_rock_table,adamantite,70,66,2,25,17,0.000000
adamantite_rock_table,adamantite,70,67,2,25,17,0.000000
adamantite_rock_table,adamantite,70,68,2,25,18,0.000000
adamantite_rock_table,adamantite,70,69,2,25,18,0.000000
adamantite_rock_table,adamantite,70,70,2,25,18,0.070313
adamantite_rock_table,adamantite,70,71,2,25,18,0.070313
adamantite_rock_table,adamantite,70,72,2,25,19,0.074219
adamantite_rock_table,adamantite,70,73,2,25,19,0.074219
adamantite_rock_table,adamantite,70,74,2,25,19,0.074219
adamantite_rock_table,adamantite,70,75,2,25,19,0.074219
adamantite_rock_table,adamantite,70,76,2,25,20,0.078125
adamantite_rock_table,adamantite,70,77,2,25,20,0.078125
adamantite_rock_table,adamantite,70,78,2,25,20,0.078125
adamantite_rock_table,adamantite,70,79,2,25,20,0.078125
adamantite_rock_table,adamantite,70,80,2,25,21,0.082031
adamantite_rock_table,adamantite,70,81,2,25,21,0.082031
adamantite_rock_table,adamantite,70,82,2,25,21,0.082031
adamantite_rock_table,adamantite,70,83,2,25,21,0.082031
adamantite_rock_table,adamantite,70,84,2,25,22,0.085938
adamantite_rock_table,adamantite,70,85,2,25,22,0.085938
adamantite_rock_table,adamantite,70,86,2,25,22,0.085938
adamantite_rock_table,adamantite,70,87,2,25,22,0.085938
adamantite_rock_table,adamantite,70,88,2,25,23,0.089844
adamantite_rock_table,adamantite,70,89,2,25,23,0.089844
adamantite_rock_table,adamantite,70,90,2,25,23,0.089844
adamantite_rock_table,adamantite,70,91,2,25,23,0.089844
adamantite_rock_table,adamantite,70,92,2,25,24,0.093750
adamantite_rock_table,adamantite,70,93,2,25,24,0.093750
adamantite_rock_table,adamantite,70,94,2,25,24,0.093750
adamantite_rock_table,adamantite,70,95,2,25,24,0.093750
adamantite_rock_table,adamantite,70,96,2,25,25,0.097656
adamantite_rock_table,adamantite,70,97,2,25,25,0.097656
adamantite_rock_table,adamantite,70,98,2,25,25,0.097656
adamantite_rock_table,adamantite,70,99,2,25,26,0.101563
runite_rock_table,runite,85,1,1,18,2,0.000000
runite_rock_table,runite,85,2,1,18,1,0.000000
runite_rock_table,runite,85,3,1,18,1,0.000000
runite_rock_table,runite,85,4,1,18,1,0.000000
runite_rock_table,runite,85,5,1,18,1,0.000000
runite_rock_table,runite,85,6,1,18,1,0.000000
runite_rock_table,runite,85,7,1,18,2,0.000000
runite_rock_table,runite,85,8,1,18,2,0.000000
runite_rock_table,runite,85,9,1,18,2,0.000000
runite_rock_table,runite,85,10,1,18,2,0.000000
runite_rock_table,runite,85,11,1,18,2,0.000000
runite_rock_table,runite,85,12,1,18,3,0.000000
runite_rock_table,runite,85,13,1,18,3,0.000000
runite_rock_table,runite,85,14,1,18,3,0.000000
runite_rock_table,runite,85,15,1,18,3,0.000000
runite_rock_table,runite,85,16,1,18,3,0.000000
runite_rock_table,runite,85,17,1,18,3,0.000000
runite_rock_table,runite,85,18,1,18,4,0.000000
runite_rock_table,runite,85,19,1,18,4,0.000000
runite_rock_table,runite,85,20,1,18,4,0.000000
runite_rock_table,runite,85,21,1,18,4,0.000000
runite_rock_table,runite,85,22,1,18,4,0.000000
runite_rock_table,runite,85,23,1,18,5,0.000000
runite_rock_table,runite,85,24,1,18,5,0.000000
runite_rock_table,runite,85,25,1,18,5,0.000000
runite_rock_table,runite,85,26,1,18,5,0.000000
runite_rock_table,runite,85,27,1,18,5,0.000000
runite_rock_table,runite,85,28,1,18,5,0.000000
runite_rock_table,runite,85,29,1,18,6,0.000000
runite_rock_table,runite,85,30,1,18,6,0.000000
runite_rock_table,runite,85,31,1,18,6,0.000000
runite_rock_table,runite,85,32,1,18,6,0.000000
runite_rock_table,runite,85,33,1,18,6,0.000000
runite_rock_table,runite,85,34,1,18,7,0.000000
runite_rock_table,runite,85,35,1,18,7,0.000000
runite_rock_table,runite,85,36,1,18,7,0.000000
runite_rock_table,runite,85,37,1,18,7,0.000000
runite_rock_table,runite,85,38,1,18,7,0.000000
runite_rock_table,runite,85,39,1,18,7,0.000000
runite_rock_table,runite,85,40,1,18,8,0.000000
runite_rock_table,runite,85,41,1,18,8,0.000000
runite_rock_table,runite,85,42,1,18,8,0.000000
runite_rock_table,runite,85,43,1,18,8,0.000000
runite_rock_table,runite,85,44,1,18,8,0.000000
runite_rock_table,runite,85,45,1,18,9,0.000000
runite_rock_table,runite,85,46,1,18,9,0.000000
runite_rock_table,runite,85,47,1,18,9,0.000000
runite_rock_table,runite,85,48,1,18,9,0.000000
runite_rock_table,runite,85,49,1,18,9,0.000000
runite_rock_table,runite,85,50,1,18,10,0.000000
runite_rock_table,runite,85,51,1,18,10,0.000000
runite_rock_table,runite,85,52,1,18,10,0.000000
runite_rock_table,runite,85,53,1,18,10,0.000000
runite_rock_table,runite,85,54,1,18,10,0.000000
runite_rock_table,runite,85,55,1,18,10,0.000000
runite_rock_table,runite,85,56,1,18,11,0.000000
runite_rock_table,runite,85,57,1,18,11,0.000000
runite_rock_table,runite,85,58,1,18,11,0.000000
runite_rock_table,runite,85,59,1,18,11,0.000000
runite_rock_table,runite,85,60,1,18,11,0.000000
runite_rock_table,runite,85,61,1,18,12,0.000000
runite_rock_table,runite,85,62,1,18,12,0.000000
runite_rock_table,runite,85,63,1,18,12,0.000000
runite_rock_table,runite,85,64,1,18,12,0.000000
runite_rock_table,runite,85,65,1,18,12,0.000000
runite_rock_table,runite,85,66,1,18,12,0.000000
runite_rock_table,runite,85,67,1,18,13,0.000000
runite_rock_table,runite,85,68,1,18,13,0.000000
runite_rock_table,runite,85,69,1,18,13,0.000000
runite_rock_table,runite,85,70,1,18,13,0.000000
runite_rock_table,runite,85,71,1,18,13,0.000000
runite_rock_table,runite,85,72,1,18,14,0.000000
runite_rock_table,runite,85,73,1,18,14,0.000000
runite_rock_table,runite,85,74,1,18,14,0.000000
runite_rock_table,runite,85,75,1,18,14,0.000000
runite_rock_table,runite,85,76,1,18,14,0.000000
runite_rock_table,runite,85,77,1,18,14,0.000000
runite_rock_table,runite,85,78,1,18,15,0.000000
runite_rock_table,runite,85,79,1,18,15,0.000000
runite_rock_table,runite,85,80,1,18,15,0.000000
runite_rock_table,runite,85,81,1,18,15,0.000000
runite_rock_table,runite,85,82,1,18,15,0.000000
runite_rock_table,runite,85,83,1,18,16,0.000000
runite_rock_table,runite,85,84,1,18,16,0.000000
runite_rock_table,runite,85,85,1,18,16,0.062500
runite_rock_table,runite,85,86,1,18,16,0.062500
runite_rock_table,runite,85,87,1,18,16,0.062500
runite_rock_table,runite,85,88,1,18,16,0.062500
runite_rock_table,runite,85,89,1,18,17,0.066406
runite_rock_table,runite,85,90,1,18,17,0.066406
runite_rock_table,runite,85,91,1,18,17,0.066406
runite_rock_table,runite,85,92,1,18,17,0.066406
runite_rock_table,runite,85,93,1,18,17,0.066406
runite_rock_table,runite,85,94,1,18,18,0.070313
runite_rock_table,runite,85,95,1,18,18,0.070313
runite_rock_table,runite,85,96,1,18,18,0.070313
runite_rock_table,runite,85,97,1,18,18,0.070313
runite_rock_table,runite,85,98,1,18,18,0.070313
runite_rock_table,runite,85,99,1,18,19,0.074219
blurite_rock,blurite,10,1,95,350,96,0.000000
blurite_rock,blurite,10,2,95,350,98,0.000000
blurite_rock,blurite,10,3,95,350,101,0.000000
blurite_rock,blurite,10,4,95,350,103,0.000000
blurite_rock,blurite,10,5,95,350,106,0.000000
blurite_rock,blurite,10,6,95,350,108,0.000000
blurite_rock,blurite,10,7,95,350,111,0.000000
blurite_rock,blurite,10,8,95,350,114,0.000000
blurite_rock,blurite,10,9,95,350,116,0.000000
blurite_rock,blurite,10,10,95,350,119,0.464844
blurite_rock,blurite,10,11,95,350,121,0.472656
blurite_rock,blurite,10,12,95,350,124,0.484375
blurite_rock,blurite,10,13,95,350,126,0.492188
blurite_rock,blurite,10,14,95,350,129,0.503906
blurite_rock,blurite,10,15,95,350,132,0.515625
blurite_rock,blurite,10,16,95,350,134,0.523438
blurite_rock,blurite,10,17,95,350,137,0.535156
blurite_rock,blurite,10,18,95,350,139,0.542969
blurite_rock,blurite,10,19,95,350,142,0.554688
blurite_rock,blurite,10,20,95,350,144,0.562500
blurite_rock,blurite,10,21,95,350,147,0.574219
blurite_rock,blurite,10,22,95,350,150,0.585938
blurite_rock,blurite,10,23,95,350,152,0.593750
blurite_rock,blurite,10,24,95,350,155,0.605469
blurite_rock,blurite,10,25,95,350,157,0.613281
blurite_rock,blurite,10,26,95,350,160,0.625000
blurite_rock,blurite,10,27,95,350,162,0.632813
blurite_rock,blurite,10,28,95,350,165,0.644531
blurite_rock,blurite,10,29,95,350,168,0.656250
blurite_rock,blurite,10,30,95,350,170,0.664063
blurite_rock,blurite,10,31,95,350,173,0.675781
blurite_rock,blurite,10,32,95,350,175,0.683594
blurite_rock,blurite,10,33,95,350,178,0.695313
blurite_rock,blurite,10,34,95,350,181,0.707031
blurite_rock,blurite,10,35,95,350,184,0.718750
blurite_rock,blurite,10,36,95,350,187,0.730469
blurite_rock,blurite,10,37,95,350,189,0.738281
blurite_rock,blurite,10,38,95,350,192,0.750000
blurite_rock,blurite,10,39,95,350,194,0.757813
blurite_rock,blurite,10,40,95,350,197,0.769531
blurite_rock,blurite,10,41,95,350,199,0.777344
blurite_rock,blurite,10,42,95,350,202,0.789063
blurite_rock,blurite,10,43,95,350,205,0.800781
blurite_rock,blurite,10,44,95,350,207,0.808594
blurite_rock,blurite,10,45,95,350,210,0.820313
blurite_rock,blurite,10,46,95,350,212,0.828125
blurite_rock,blurite,10,47,95,350,215,0.839844
blurite_rock,blurite,10,48,95,350,217,0.847656
blurite_rock,blurite,10,49,95,350,220,0.859375
blurite_rock,blurite,10,50,95,350,223,0.871094
blurite_rock,blurite,10,51,95,350,225,0.878906
blurite_rock,blurite,10,52,95,350,228,0.890625
blurite_rock,blurite,10,53,95,350,230,0.898438
blurite_rock,blurite,10,54,95,350,233,0.910156
blurite_rock,blurite,10,55,95,350,235,0.917969
blurite_rock,blurite,10,56,95,350,238,0.929688
blurite_rock,blurite,10,57,95,350,241,0.941406
blurite_rock,blurite,10,58,95,350,243,0.949219
blurite_rock,blurite,10,59,95,350,246,0.960938
blurite_rock,blurite,10,60,95,350,248,0.968750
blurite_rock,blurite,10,61,95,350,251,0.980469
blurite_rock,blurite,10,62,95,350,253,0.988281
blurite_rock,blurite,10,63,95,350,256,1.000000
blurite_rock,blurite,10,64,95,350,259,1.000000
blurite_rock,blurite,10,65,95,350,261,1.000000
blurite_rock,blurite,10,66,95,350,264,1.000000
blurite_rock,blurite,10,67,95,350,267,1.000000
blurite_rock,blurite,10,68,95,350,270,1.000000
blurite_rock,blurite,10,69,95,350,272,1.000000
blurite_rock,blurite,10,70,95,350,275,1.000000
blurite_rock,blurite,10,71,95,350,278,1.000000
blurite_rock,blurite,10,72,95,350,280,1.000000
blurite_rock,blurite,10,73,95,350,283,1.000000
blurite_rock,blurite,10,74,95,350,285,1.000000
blurite_rock,blurite,10,75,95,350,288,1.000000
blurite_rock,blurite,10,76,95,350,290,1.000000
blurite_rock,blurite,10,77,95,350,293,1.000000
blurite_rock,blurite,10,78,95,350,296,1.000000
blurite_rock,blurite,10,79,95,350,298,1.000000
blurite_rock,blurite,10,80,95,350,301,1.000000
blurite_rock,blurite,10,81,95,350,303,1.000000
blurite_rock,blurite,10,82,95,350,306,1.000000
blurite_rock,blurite,10,83,95,350,308,1.000000
blurite_rock,blurite,10,84,95,350,311,1.000000
blurite_rock,blurite,10,85,95,350,314,1.000000
blurite_rock,blurite,10,86,95,350,316,1.000000
blurite_rock,blurite,10,87,95,350,319,1.000000
blurite_rock,blurite,10,88,95,350,321,1.000000
blurite_rock,blurite,10,89,95,350,324,1.000000
blurite_rock,blurite,10,90,95,350,326,1.000000
blurite_rock,blurite,10,91,95,350,329,1.000000
blurite_rock,blurite,10,92,95,350,332,1.000000
blurite_rock,blurite,10,93,95,350,334,1.000000
blurite_rock,blurite,10,94,95,350,337,1.000000
blurite_rock,blurite,10,95,95,350,339,1.000000
blurite_rock,blurite,10,96,95,350,342,1.000000
blurite_rock,blurite,10,97,95,350,344,1.000000
blurite_rock,blurite,10,98,95,350,347,1.000000
blurite_rock,blurite,10,99,95,350,351,1.000000
gem_rock,gems,40,1,28,70,29,0.000000
gem_rock,gems,40,2,28,70,28,0.000000
gem_rock,gems,40,3,28,70,29,0.000000
gem_rock,gems,40,4,28,70,30,0.000000
gem_rock,gems,40,5,28,70,29,0.000000
gem_rock,gems,40,6,28,70,30,0.000000
gem_rock,gems,40,7,28,70,31,0.000000
gem_rock,gems,40,8,28,70,32,0.000000
gem_rock,gems,40,9,28,70,31,0.000000
gem_rock,gems,40,10,28,70,32,0.000000
gem_rock,gems,40,11,28,70,33,0.000000
gem_rock,gems,40,12,28,70,32,0.000000
gem_rock,gems,40,13,28,70,33,0.000000
gem_rock,gems,40,14,28,70,34,0.000000
gem_rock,gems,40,15,28,70,35,0.000000
gem_rock,gems,40,16,28,70,34,0.000000
gem_rock,gems,40,17,28,70,35,0.000000
gem_rock,gems,40,18,28,70,36,0.000000
gem_rock,gems,40,19,28,70,35,0.000000
gem_rock,gems,40,20,28,70,36,0.000000
gem_rock,gems,40,21,28,70,37,0.000000
gem_rock,gems,40,22,28,70,38,0.000000
gem_rock,gems,40,23,28,70,37,0.000000
gem_rock,gems,40,24,28,70,38,0.000000
gem_rock,gems,40,25,28,70,39,0.000000
gem_rock,gems,40,26,28,70,38,0.000000
gem_rock,gems,40,27,28,70,39,0.000000
gem_rock,gems,40,28,28,70,40,0.000000
gem_rock,gems,40,29,28,70,41,0.000000
gem_rock,gems,40,30,28,70,40,0.000000
gem_rock,gems,40,31,28,70,41,0.000000
gem_rock,gems,40,32,28,70,42,0.000000
gem_rock,gems,40,33,28,70,41,0.000000
gem_rock,gems,40,34,28,70,42,0.000000
gem_rock,gems,40,35,28,70,43,0.000000
gem_rock,gems,40,36,28,70,44,0.000000
gem_rock,gems,40,37,28,70,43,0.000000
gem_rock,gems,40,38,28,70,44,0.000000
gem_rock,gems,40,39,28,70,45,0.000000
gem_rock,gems,40,40,28,70,44,0.171875
gem_rock,gems,40,41,28,70,45,0.175781
gem_rock,gems,40,42,28,70,46,0.179688
gem_rock,gems,40,43,28,70,47,0.183594
gem_rock,gems,40,44,28,70,46,0.179688
gem_rock,gems,40,45,28,70,47,0.183594
gem_rock,gems,40,46,28,70,48,0.187500
gem_rock,gems,40,47,28,70,47,0.183594
gem_rock,gems,40,48,28,70,48,0.187500
gem_rock,gems,40,49,28,70,49,0.191406
gem_rock,gems,40,50,28,70,50,0.195313
gem_rock,gems,40,51,28,70,49,0.191406
gem_rock,gems,40,52,28,70,50,0.195313
gem_rock,gems,40,53,28,70,51,0.199219
gem_rock,gems,40,54,28,70,50,0.195313
gem_rock,gems,40,55,28,70,51,0.199219
gem_rock,gems,40,56,28,70,52,0.203125
gem_rock,gems,40,57,28,70,53,0.207031
gem_rock,gems,40,58,28,70,52,0.203125
gem_rock,gems,40,59,28,70,53,0.207031
gem_rock,gems,40,60,28,70,54,0.210938
gem_rock,gems,40,61,28,70,53,0.207031
gem_rock,gems,40,62,28,70,54,0.210938
gem_rock,gems,40,63,28,70,55,0.214844
gem_rock,gems,40,64,28,70,56,0.218750
gem_rock,gems,40,65,28,70,55,0.214844
gem_rock,gems,40,66,28,70,56,0.218750
gem_rock,gems,40,67,28,70,57,0.222656
gem_rock,gems,40,68,28,70,56,0.218750
gem_rock,gems,40,69,28,70,57,0.222656
gem_rock,gems,40,70,28,70,58,0.226563
gem_rock,gems,40,71,28,70,59,0.230469
gem_rock,gems,40,72,28,70,58,0.226563
gem_rock,gems,40,73,28,70,59,0.230469
gem_rock,gems,40,74,28,70,60,0.234375
gem_rock,gems,40,75,28,70,59,0.230469
gem_rock,gems,40,76,28,70,60,0.234375
gem_rock,gems,40,77,28,70,61,0.238281
gem_rock,gems,40,78,28,70,62,0.242188
gem_rock,gems,40,79,28,70,61,0.238281
gem_rock,gems,40,80,28,70,62,0.242188
gem_rock,gems,40,81,28,70,63,0.246094
gem_rock,gems,40,82,28,70,62,0.242188
gem_rock,gems,40,83,28,70,63,0.246094
gem_rock,gems,40,84,28,70,64,0.250000
gem_rock,gems,40,85,28,70,65,0.253906
gem_rock,gems,40,86,28,70,64,0.250000
gem_rock,gems,40,87,28,70,65,0.253906
gem_rock,gems,40,88,28,70,66,0.257813
gem_rock,gems,40,89,28,70,65,0.253906
gem_rock,gems,40,90,28,70,66,0.257813
gem_rock,gems,40,91,28,70,67,0.261719
gem_rock,gems,40,92,28,70,68,0.265625
gem_rock,gems,40,93,28,70,67,0.261719
gem_rock,gems,40,94,28,70,68,0.265625
gem_rock,gems,40,95,28,70,69,0.269531
gem_rock,gems,40,96,28,70,68,0.265625
gem_rock,gems,40,97,28,70,69,0.269531
gem_rock,gems,40,98,28,70,70,0.273438
gem_rock,gems,40,99,28,70,71,0.277344
desertrescue_rock,rock,1,1,128,400,129,0.503906
desertrescue_rock,rock,1,2,128,400,131,0.511719
desertrescue_rock,rock,1,3,128,400,134,0.523438
desertrescue_rock,rock,1,4,128,400,137,0.535156
desertrescue_rock,rock,1,5,128,400,139,0.542969
desertrescue_rock,rock,1,6,128,400,142,0.554688
desertrescue_rock,rock,1,7,128,400,145,0.566406
desertrescue_rock,rock,1,8,128,400,147,0.574219
desertrescue_rock,rock,1,9,128,400,150,0.585938
desertrescue_rock,rock,1,10,128,400,153,0.597656
desertrescue_rock,rock,1,11,128,400,155,0.605469
desertrescue_rock,rock,1,12,128,400,158,0.617188
desertrescue_rock,rock,1,13,128,400,161,0.628906
desertrescue_rock,rock,1,14,128,400,165,0.644531
desertrescue_rock,rock,1,15,128,400,167,0.652344
desertrescue_rock,rock,1,16,128,400,170,0.664063
desertrescue_rock,rock,1,17,128,400,173,0.675781
desertrescue_rock,rock,1,18,128,400,175,0.683594
desertrescue_rock,rock,1,19,128,400,178,0.695313
desertrescue_rock,rock,1,20,128,400,181,0.707031
desertrescue_rock,rock,1,21,128,400,183,0.714844
desertrescue_rock,rock,1,22,128,400,186,0.726563
desertrescue_rock,rock,1,23,128,400,189,0.738281
desertrescue_rock,rock,1,24,128,400,191,0.746094
desertrescue_rock,rock,1,25,128,400,194,0.757813
desertrescue_rock,rock,1,26,128,400,198,0.773438
desertrescue_rock,rock,1,27,128,400,201,0.785156
desertrescue_rock,rock,1,28,128,400,203,0.792969
desertrescue_rock,rock,1,29,128,400,206,0.804688
desertrescue_rock,rock,1,30,128,400,209,0.816406
desertrescue_rock,rock,1,31,128,400,211,0.824219
desertrescue_rock,rock,1,32,128,400,214,0.835938
desertrescue_rock,rock,1,33,128,400,217,0.847656
desertrescue_rock,rock,1,34,128,400,219,0.855469
desertrescue_rock,rock,1,35,128,400,222,0.867188
desertrescue_rock,rock,1,36,128,400,225,0.878906
desertrescue_rock,rock,1,37,128,400,227,0.886719
desertrescue_rock,rock,1,38,128,400,231,0.902344
desertrescue_rock,rock,1,39,128,400,234,0.914063
desertrescue_rock,rock,1,40,128,400,237,0.925781
desertrescue_rock,rock,1,41,128,400,239,0.933594
desertrescue_rock,rock,1,42,128,400,242,0.945313
desertrescue_rock,rock,1,43,128,400,245,0.957031
desertrescue_rock,rock,1,44,128,400,247,0.964844
desertrescue_rock,rock,1,45,128,400,250,0.976563
desertrescue_rock,rock,1,46,128,400,253,0.988281
desertrescue_rock,rock,1,47,128,400,255,0.996094
desertrescue_rock,rock,1,48,128,400,258,1.000000
desertrescue_rock,rock,1,49,128,400,261,1.000000
desertrescue_rock,rock,1,50,128,400,265,1.000000
desertrescue_rock,rock,1,51,128,400,267,1.000000
desertrescue_rock,rock,1,52,128,400,270,1.000000
desertrescue_rock,rock,1,53,128,400,273,1.000000
desertrescue_rock,rock,1,54,128,400,275,1.000000
desertrescue_rock,rock,1,55,128,400,278,1.000000
desertrescue_rock,rock,1,56,128,400,281,1.000000
desertrescue_rock,rock,1,57,128,400,283,1.000000
desertrescue_rock,rock,1,58,128,400,286,1.000000
desertrescue_rock,rock,1,59,128,400,289,1.000000
desertrescue_rock,rock,1,60,128,400,291,1.000000
desertrescue_rock,rock,1,61,128,400,294,1.000000
desertrescue_rock,rock,1,62,128,400,297,1.000000
desertrescue_rock,rock,1,63,128,400,301,1.000000
desertrescue_rock,rock,1,64,128,400,303,1.000000
desertrescue_rock,rock,1,65,128,400,306,1.000000
desertrescue_rock,rock,1,66,128,400,309,1.000000
desertrescue_rock,rock,1,67,128,400,311,1.000000
desertrescue_rock,rock,1,68,128,400,314,1.000000
desertrescue_rock,rock,1,69,128,400,317,1.000000
desertrescue_rock,rock,1,70,128,400,319,1.000000
desertrescue_rock,rock,1,71,128,400,322,1.000000
desertrescue_rock,rock,1,72,128,400,325,1.000000
desertrescue_rock,rock,1,73,128,400,327,1.000000
desertrescue_rock,rock,1,74,128,400,330,1.000000
desertrescue_rock,rock,1,75,128,400,334,1.000000
desertrescue_rock,rock,1,76,128,400,337,1.000000
desertrescue_rock,rock,1,77,128,400,339,1.000000
desertrescue_rock,rock,1,78,128,400,342,1.000000
desertrescue_rock,rock,1,79,128,400,345,1.000000
desertrescue_rock,rock,1,80,128,400,347,1.000000
desertrescue_rock,rock,1,81,128,400,350,1.000000
desertrescue_rock,rock,1,82,128,400,353,1.000000
desertrescue_rock,rock,1,83,128,400,355,1.000000
desertrescue_rock,rock,1,84,128,400,358,1.000000
desertrescue_rock,rock,1,85,128,400,361,1.000000
desertrescue_rock,rock,1,86,128,400,363,1.000000
desertrescue_rock,rock,1,87,128,400,367,1.000000
desertrescue_rock,rock,1,88,128,400,370,1.000000
desertrescue_rock,rock,1,89,128,400,373,1.000000
desertrescue_rock,rock,1,90,128,400,375,1.000000
desertrescue_rock,rock,1,91,128,400,378,1.000000
desertrescue_rock,rock,1,92,128,400,381,1.000000
desertrescue_rock,rock,1,93,128,400,383,1.000000
desertrescue_rock,rock,1,94,128,400,386,1.000000
desertrescue_rock,rock,1,95,128,400,389,1.000000
desertrescue_rock,rock,1,96,128,400,391,1.000000
desertrescue_rock,rock,1,97,128,400,394,1.000000
desertrescue_rock,rock,1,98,128,400,397,1.000000
desertrescue_rock,rock,1,99,128,400,401,1.000000